2024-03-29 13:55:51.589702,0,0
2024-03-29 13:55:51.593543,0,0,1,0,0,1,0,0,0
2024-03-29 13:55:51.603839,0,0,1,0,0,1,0,0,0
2024-03-29 13:55:51.614074,0,0,1,0,0,1,0,0,0
2024-03-29 13:55:51.641499,1,0,1,0,0,1,0,0,0
2024-03-29 13:55:51.642497,1,0,1,0,0,1,0,0,0
2024-03-29 13:55:51.645108,0,0,1,0,0,1,0,0,0
2024-03-29 13:55:51.659747,0,0,1,0,0,1,0,0,0
2024-03-29 13:55:51.670205,0,0,1,0,0,1,0,0,0
2024-03-29 13:55:51.676420,1,0,1,0,0,1,0,0,0
2024-03-29 13:55:51.686880,1,0,1,0,0,1,0,0,0
2024-03-29 13:55:51.697829,1,0,1,0,0,1,0,0,0
2024-03-29 13:55:51.707222,0,0,1,0,0,1,0,0,0
2024-03-29 13:55:51.718646,0,0,1,0,0,1,0,0,0
2024-03-29 13:55:51.728852,1,0,1,0,0,1,0,0,0
2024-03-29 13:55:51.739077,1,0,1,0,0,1,0,0,0
2024-03-29 13:55:51.752072,0,0,1,0,0,1,0,0,0
2024-03-29 13:55:51.760061,0,0,1,0,0,1,0,0,0
2024-03-29 13:55:51.769775,0,0,1,0,0,1,0,0,0
2024-03-29 13:55:51.780755,1,0,1,0,0,1,0,0,0
2024-03-29 13:55:51.791195,1,0,1,0,0,1,0,0,0
2024-03-29 13:55:51.801753,0,0,1,0,0,1,0,0,0
2024-03-29 13:55:51.811743,0,0,1,0,0,1,0,0,0
2024-03-29 13:55:51.822283,0,0,1,0,0,1,0,0,0
2024-03-29 13:55:51.832671,1,0,1,0,0,1,0,0,0
2024-03-29 13:55:51.843000,1,0,1,0,0,1,0,0,0
2024-03-29 13:55:51.853798,0,0,1,0,0,1,0,0,0
2024-03-29 13:55:51.863828,0,0,1,0,0,1,0,0,0
2024-03-29 13:55:51.875171,0,0,1,0,0,1,0,0,0
2024-03-29 13:55:51.883976,1,0,1,0,0,1,0,0,0
2024-03-29 13:55:51.894549,1,0,1,0,0,1,0,0,0
2024-03-29 13:55:51.904973,0,0,1,0,0,1,0,0,0
2024-03-29 13:55:51.915900,0,0,1,0,0,1,0,0,0
2024-03-29 13:55:51.926994,0,0,1,0,0,1,0,0,0
2024-03-29 13:55:51.935984,1,0,1,0,0,1,0,0,0
2024-03-29 13:55:51.947133,1,0,1,0,0,1,0,0,0
2024-03-29 13:55:51.956749,1,0,1,0,0,1,0,0,0
2024-03-29 13:55:51.968077,0,0,1,0,0,1,0,0,0
2024-03-29 13:55:51.978458,0,0,1,0,0,1,0,0,0
2024-03-29 13:55:51.989025,1,0,1,0,0,1,0,0,0
2024-03-29 13:55:51.999135,1,0,1,0,0,1,0,0,0
2024-03-29 13:55:52.009871,0,0,1,0,0,1,0,0,0
2024-03-29 13:55:52.020357,0,0,1,0,0,1,0,0,0
2024-03-29 13:55:52.030456,0,0,1,0,0,1,0,0,0
2024-03-29 13:55:52.040770,1,0,1,0,0,1,0,0,0
2024-03-29 13:55:52.052387,1,0,1,0,0,1,0,0,0
2024-03-29 13:55:52.061501,0,0,1,0,0,1,0,0,0
2024-03-29 13:55:52.072380,0,0,1,0,0,1,0,0,0
2024-03-29 13:55:52.082661,0,0,1,0,0,1,0,0,0
2024-03-29 13:55:52.093246,1,0,1,0,0,1,0,0,0
2024-03-29 13:55:52.103827,1,0,1,0,0,1,0,0,0
2024-03-29 13:55:52.114262,0,0,1,0,0,1,0,0,0
2024-03-29 13:55:52.124278,0,0,1,0,0,1,0,0,0
2024-03-29 13:55:52.134828,0,0,1,0,0,1,0,0,0
2024-03-29 13:55:52.144547,1,0,1,0,0,1,0,0,0
2024-03-29 13:55:52.155480,1,0,1,0,0,1,0,0,0
2024-03-29 13:55:52.165446,0,0,1,0,0,1,0,0,0
2024-03-29 13:55:52.176845,0,0,1,0,0,1,0,0,0
2024-03-29 13:55:52.186260,0,0,1,0,0,1,0,0,0
2024-03-29 13:55:52.197221,1,0,1,0,0,1,0,0,0
2024-03-29 13:55:52.207187,1,0,1,0,0,1,0,0,0
2024-03-29 13:55:52.218156,1,0,1,0,0,1,0,0,0
2024-03-29 13:55:52.228634,0,0,1,0,0,1,0,0,0
2024-03-29 13:55:52.238650,0,0,1,0,0,1,0,0,0
2024-03-29 13:55:52.248933,1,0,1,0,0,1,0,0,0
2024-03-29 13:55:52.259829,1,0,1,0,0,1,0,0,0
2024-03-29 13:55:52.270232,0,0,1,0,0,1,0,0,0
2024-03-29 13:55:52.280297,0,0,1,0,0,1,0,0,0
2024-03-29 13:55:52.290528,0,0,1,0,0,1,0,0,0
2024-03-29 13:55:52.301197,1,0,1,0,0,1,0,0,0
2024-03-29 13:55:52.311701,1,0,1,0,0,1,0,0,0
2024-03-29 13:55:52.322524,0,0,1,0,0,1,0,0,0
2024-03-29 13:55:52.332958,0,0,1,0,0,1,0,0,0
2024-03-29 13:55:52.342479,0,0,1,0,0,1,0,0,0
2024-03-29 13:55:52.353829,1,0,1,0,0,1,0,0,0
2024-03-29 13:55:52.363713,1,0,1,0,0,1,0,0,0
2024-03-29 13:55:52.374726,0,0,1,0,0,1,0,0,0
2024-03-29 13:55:52.384694,0,0,1,0,0,1,0,0,0
2024-03-29 13:55:52.395231,0,0,1,0,0,1,0,0,0
2024-03-29 13:55:52.405867,1,0,1,0,0,1,0,0,0
2024-03-29 13:55:52.415610,1,0,1,0,0,1,0,0,0
2024-03-29 13:55:52.426544,0,0,1,0,0,1,0,0,0
2024-03-29 13:55:52.437038,0,0,1,0,0,1,0,0,0
2024-03-29 13:55:52.446570,0,0,1,0,0,1,0,0,0
2024-03-29 13:55:52.458145,1,0,1,0,0,1,0,0,0
2024-03-29 13:55:52.467572,1,0,1,0,0,1,0,0,0
2024-03-29 13:55:52.478356,1,0,1,0,0,1,0,0,0
2024-03-29 13:55:52.489134,0,0,1,0,0,1,0,0,0
2024-03-29 13:55:52.499525,0,0,1,0,0,1,0,0,0
2024-03-29 13:55:52.509203,1,0,1,0,0,1,0,0,0
2024-03-29 13:55:52.520285,1,0,1,0,0,1,0,0,0
2024-03-29 13:55:52.530366,1,0,1,0,0,1,0,0,0
2024-03-29 13:55:52.540279,0,0,1,0,0,1,0,0,0
2024-03-29 13:55:52.550984,0,0,1,0,0,1,0,0,0
2024-03-29 13:55:52.562021,1,0,1,0,0,1,0,0,0
2024-03-29 13:55:52.572372,1,0,1,0,0,1,0,0,0
2024-03-29 13:55:52.582157,0,0,1,0,0,1,0,0,0
2024-03-29 13:55:52.593089,0,0,1,0,0,1,0,0,0
2024-03-29 13:55:52.603731,0,0,1,0,0,1,0,0,0
2024-03-29 13:55:52.614246,1,0,1,0,0,1,0,0,0
2024-03-29 13:55:52.624001,1,0,1,0,0,1,0,0,0
2024-03-29 13:55:52.634659,0,0,1,0,0,1,0,0,0
2024-03-29 13:55:52.645035,0,0,1,0,0,1,0,0,0
2024-03-29 13:55:52.655194,0,0,1,0,0,1,0,0,0
2024-03-29 13:55:52.665697,1,0,1,0,0,1,0,0,0
2024-03-29 13:55:52.676702,1,0,1,0,0,1,0,0,0
2024-03-29 13:55:52.687053,0,0,1,0,0,1,0,0,0
2024-03-29 13:55:52.697871,0,0,1,0,0,1,0,0,0
2024-03-29 13:55:52.707123,0,0,1,0,0,1,0,0,0
2024-03-29 13:55:52.718499,1,0,1,0,0,1,0,0,0
2024-03-29 13:55:52.728761,1,0,1,0,0,1,0,0,0
2024-03-29 13:55:52.738383,1,0,1,0,0,1,0,0,0
2024-03-29 13:55:52.748736,0,0,1,0,0,1,0,0,0
2024-03-29 13:55:52.759919,0,0,1,0,0,1,0,0,0
2024-03-29 13:55:52.769866,1,0,1,0,0,1,0,0,0
2024-03-29 13:55:52.781007,1,0,1,0,0,1,0,0,0
2024-03-29 13:55:52.791333,1,0,1,0,0,1,0,0,0
2024-03-29 13:55:52.805642,0,0,1,0,0,1,0,0,0
2024-03-29 13:55:52.811327,0,0,1,0,0,1,0,0,0
2024-03-29 13:55:52.822134,0,0,1,0,0,1,0,0,0
2024-03-29 13:55:52.832102,1,0,1,0,0,1,0,0,0
2024-03-29 13:55:52.842986,0,0,1,0,0,1,0,0,0
2024-03-29 13:55:52.853504,0,0,1,0,0,1,0,0,0
2024-03-29 13:55:52.863556,0,0,1,0,0,1,0,0,0
2024-03-29 13:55:52.874091,0,0,1,0,0,1,0,0,0
2024-03-29 13:55:52.884987,1,0,1,0,0,1,0,0,0
2024-03-29 13:55:52.894962,0,0,1,0,0,1,0,0,0
2024-03-29 13:55:52.905050,0,0,1,0,0,1,0,0,0
2024-03-29 13:55:52.915581,0,0,1,0,0,1,0,0,0
2024-03-29 13:55:52.925818,0,0,1,0,0,1,0,0,0
2024-03-29 13:55:52.936984,1,0,1,0,0,1,0,0,0
2024-03-29 13:55:52.947014,0,0,1,0,0,1,0,0,0
2024-03-29 13:55:52.957386,0,0,1,0,0,1,0,0,0
2024-03-29 13:55:52.968875,0,0,1,0,0,1,0,0,0
2024-03-29 13:55:52.978390,0,0,1,0,0,1,0,0,0
2024-03-29 13:55:52.988897,0,0,1,0,0,1,0,0,0
2024-03-29 13:55:52.998766,1,0,1,0,0,1,0,0,0
2024-03-29 13:55:53.009661,0,0,1,0,0,1,0,0,0
2024-03-29 13:55:53.019689,0,0,1,0,0,1,0,0,0
2024-03-29 13:55:53.030066,0,0,1,0,0,1,0,0,0
2024-03-29 13:55:53.040949,1,0,1,0,0,1,0,0,0
2024-03-29 13:55:53.051381,0,0,1,0,0,1,0,0,0
2024-03-29 13:55:53.061294,0,0,1,0,0,1,0,0,0
2024-03-29 13:55:53.072446,0,0,1,0,0,1,0,0,0
2024-03-29 13:55:53.082722,0,0,1,0,0,1,0,0,0
2024-03-29 13:55:53.093221,1,0,1,0,0,1,0,0,0
2024-03-29 13:55:53.104182,0,0,1,0,0,1,0,0,0
2024-03-29 13:55:53.113677,0,0,1,0,0,1,0,0,0
2024-03-29 13:55:53.124429,0,0,1,0,0,1,0,0,0
2024-03-29 13:55:53.134100,0,0,1,0,0,1,0,0,0
2024-03-29 13:55:53.145157,1,0,1,0,0,1,0,0,0
2024-03-29 13:55:53.155936,0,0,1,0,0,1,0,0,0
2024-03-29 13:55:53.165710,0,0,1,0,0,1,0,0,0
2024-03-29 13:55:53.176484,0,0,1,0,0,1,0,0,0
2024-03-29 13:55:53.187584,0,0,1,0,0,1,0,0,0
2024-03-29 13:55:53.197562,1,0,1,0,0,1,0,0,0
2024-03-29 13:55:53.208032,0,0,1,0,0,1,0,0,0
2024-03-29 13:55:53.218052,0,0,1,0,0,1,0,0,0
2024-03-29 13:55:53.228748,0,0,1,0,0,1,0,0,0
2024-03-29 13:55:53.238961,0,0,1,0,0,1,0,0,0
2024-03-29 13:55:53.249805,0,0,1,0,0,1,0,0,0
2024-03-29 13:55:53.259109,1,0,1,0,0,1,0,0,0
2024-03-29 13:55:53.270585,0,0,1,0,0,1,0,0,0
2024-03-29 13:55:53.280690,0,0,1,0,0,1,0,0,0
2024-03-29 13:55:53.290715,0,0,1,0,0,1,0,0,0
2024-03-29 13:55:53.301049,1,0,1,0,0,1,0,0,0
2024-03-29 13:55:53.312136,0,0,1,0,0,1,0,0,0
2024-03-29 13:55:53.321564,0,0,1,0,0,1,0,0,0
2024-03-29 13:55:53.332966,0,0,1,0,0,1,0,0,0
2024-03-29 13:55:53.342509,0,0,1,0,0,1,0,0,0
2024-03-29 13:55:53.353690,1,0,1,0,0,1,0,0,0
2024-03-29 13:55:53.363812,0,0,1,0,0,1,0,0,0
2024-03-29 13:55:53.373796,0,0,1,0,0,1,0,0,0
2024-03-29 13:55:53.384183,0,0,1,0,0,1,0,0,0
2024-03-29 13:55:53.395377,0,0,1,0,0,1,0,0,0
2024-03-29 13:55:53.405722,1,0,1,0,0,1,0,0,0
2024-03-29 13:55:53.415637,0,0,1,0,0,1,0,0,0
2024-03-29 13:55:53.426312,0,0,1,0,0,1,0,0,0
2024-03-29 13:55:53.436802,0,0,1,0,0,1,0,0,0
2024-03-29 13:55:53.447293,0,0,1,0,0,1,0,0,0
2024-03-29 13:55:53.457607,1,0,1,0,0,1,0,0,0
2024-03-29 13:55:53.468889,0,0,1,0,0,1,0,0,0
2024-03-29 13:55:53.478952,0,0,1,0,0,1,0,0,0
2024-03-29 13:55:53.488439,0,0,1,0,0,1,0,0,0
2024-03-29 13:55:53.498944,0,0,1,0,0,1,0,0,0
2024-03-29 13:55:53.508776,0,0,1,0,0,1,0,0,0
2024-03-29 13:55:53.520386,1,0,1,0,0,1,0,0,0
2024-03-29 13:55:53.530504,0,0,1,0,0,1,0,0,0
2024-03-29 13:55:53.540182,0,0,1,0,0,1,0,0,0
2024-03-29 13:55:53.551885,0,0,1,0,0,1,0,0,0
2024-03-29 13:55:53.561472,1,0,1,0,0,1,0,0,0
2024-03-29 13:55:53.572618,0,0,1,0,0,1,0,0,0
2024-03-29 13:55:53.583353,0,0,1,0,0,1,0,0,0
2024-03-29 13:55:53.592681,0,0,1,0,0,1,0,0,0
2024-03-29 13:55:53.603477,0,0,1,0,0,1,0,0,0
2024-03-29 13:55:53.613638,1,0,1,0,0,1,0,0,0
2024-03-29 13:55:53.624490,0,0,1,0,0,1,0,0,0
2024-03-29 13:55:53.634242,0,0,1,0,0,1,0,0,0
2024-03-29 13:55:53.645110,0,0,1,0,0,1,0,0,0
2024-03-29 13:55:53.655456,0,0,1,0,0,1,0,0,0
2024-03-29 13:55:53.665632,1,0,1,0,0,1,0,0,0
2024-03-29 13:55:53.676618,0,0,1,0,0,1,0,0,0
2024-03-29 13:55:53.687064,0,0,1,0,0,1,0,0,0
2024-03-29 13:55:53.697378,0,0,1,0,0,1,0,0,0
2024-03-29 13:55:53.707331,0,0,1,0,0,1,0,0,0
2024-03-29 13:55:53.718358,1,0,1,0,0,1,0,0,0
2024-03-29 13:55:53.729322,0,0,1,0,0,1,0,0,0
2024-03-29 13:55:53.738611,0,0,1,0,0,1,0,0,0
2024-03-29 13:55:53.748844,0,0,1,0,0,1,0,0,0
2024-03-29 13:55:53.759785,0,0,1,0,0,1,0,0,0
2024-03-29 13:55:53.770450,0,0,1,0,0,1,0,0,0
2024-03-29 13:55:53.780581,1,0,1,0,0,1,0,0,0
2024-03-29 13:55:53.790917,0,0,1,0,0,1,0,0,0
2024-03-29 13:55:53.801982,0,0,1,0,0,1,0,0,0
2024-03-29 13:55:53.811000,0,0,1,0,0,1,0,0,0
2024-03-29 13:55:53.822674,1,0,1,0,0,1,0,0,0
2024-03-29 13:55:53.832705,0,0,1,0,0,1,0,0,0
2024-03-29 13:55:53.843570,0,0,1,0,0,1,0,0,0
2024-03-29 13:55:53.853669,0,0,1,0,0,1,0,0,0
2024-03-29 13:55:53.863887,0,0,1,0,0,1,0,0,0
2024-03-29 13:55:53.874809,1,0,1,0,0,1,0,0,0
2024-03-29 13:55:53.884953,0,0,1,0,0,1,0,0,0
2024-03-29 13:55:53.896202,0,0,1,0,0,1,0,0,0
2024-03-29 13:55:53.904907,0,0,1,0,0,1,0,0,0
2024-03-29 13:55:53.915663,0,0,1,0,0,1,0,0,0
2024-03-29 13:55:53.926206,1,0,1,0,0,1,0,0,0
2024-03-29 13:55:53.937613,0,0,1,0,0,1,0,0,0
2024-03-29 13:55:53.947386,0,0,1,0,0,1,0,0,0
2024-03-29 13:55:53.957893,0,0,1,0,0,1,0,0,0
2024-03-29 13:55:53.967974,0,0,1,0,0,1,0,0,0
2024-03-29 13:55:53.978668,1,0,1,0,0,1,0,0,0
2024-03-29 13:55:53.989226,0,0,1,0,0,1,0,0,0
2024-03-29 13:55:53.999815,0,0,1,0,0,1,0,0,0
2024-03-29 13:55:54.009828,0,0,1,0,0,1,0,0,0
2024-03-29 13:55:54.020197,0,0,1,0,0,1,0,0,0
2024-03-29 13:55:54.030909,0,0,1,0,0,1,0,0,0
2024-03-29 13:55:54.040383,1,0,1,0,0,1,0,0,0
2024-03-29 13:55:54.051896,0,0,1,0,0,1,0,0,0
2024-03-29 13:55:54.061961,0,0,1,0,0,1,0,0,0
2024-03-29 13:55:54.072630,0,0,1,0,0,1,0,0,0
2024-03-29 13:55:54.082363,1,0,1,0,0,1,0,0,0
2024-03-29 13:55:54.093430,0,0,1,0,0,1,0,0,0
2024-03-29 13:55:54.103149,0,0,1,0,0,1,0,0,0
2024-03-29 13:55:54.114030,0,0,1,0,0,1,0,0,0
2024-03-29 13:55:54.124455,0,0,1,0,0,1,0,0,0
2024-03-29 13:55:54.135095,1,0,1,0,0,1,0,0,0
2024-03-29 13:55:54.145204,0,0,1,0,0,1,0,0,0
2024-03-29 13:55:54.155825,0,0,1,0,0,1,0,0,0
2024-03-29 13:55:54.165688,0,0,1,0,0,1,0,0,0
2024-03-29 13:55:54.176945,0,0,1,0,0,1,0,0,0
2024-03-29 13:55:54.186400,1,0,1,0,0,1,0,0,0
2024-03-29 13:55:54.197262,0,0,1,0,0,1,0,0,0
2024-03-29 13:55:54.207741,0,0,1,0,0,1,0,0,0
2024-03-29 13:55:54.217706,0,0,1,0,0,1,0,0,0
2024-03-29 13:55:54.228675,0,0,1,0,0,1,0,0,0
2024-03-29 13:55:54.238161,1,0,1,0,0,1,0,0,0
2024-03-29 13:55:54.249123,0,0,1,0,0,1,0,0,0
2024-03-29 13:55:54.259477,0,0,1,0,0,1,0,0,0
2024-03-29 13:55:54.270232,0,0,1,0,0,1,0,0,0
2024-03-29 13:55:54.280655,0,0,1,0,0,1,0,0,0
2024-03-29 13:55:54.290779,0,0,1,0,0,1,0,0,0
2024-03-29 13:55:54.300834,1,0,1,0,0,1,0,0,0
2024-03-29 13:55:54.311673,0,0,1,0,0,1,0,0,0
2024-03-29 13:55:54.322327,0,0,1,0,0,1,0,0,0
2024-03-29 13:55:54.332758,0,0,1,0,0,1,0,0,0
2024-03-29 13:55:54.343039,1,0,1,0,0,1,0,0,0
2024-03-29 13:55:54.353465,0,0,1,0,0,1,0,0,0
2024-03-29 13:55:54.363581,0,0,1,0,0,1,0,0,0
2024-03-29 13:55:54.374548,0,0,1,0,0,1,0,0,0
2024-03-29 13:55:54.384511,0,0,1,0,0,1,0,0,0
2024-03-29 13:55:54.394801,1,0,1,0,0,1,0,0,0
2024-03-29 13:55:54.405418,0,0,1,0,0,1,0,0,0
2024-03-29 13:55:54.415391,0,0,1,0,0,1,0,0,0
2024-03-29 13:55:54.426361,0,0,1,0,0,1,0,0,0
2024-03-29 13:55:54.436854,0,0,1,0,0,1,0,0,0
2024-03-29 13:55:54.447112,1,0,1,0,0,1,0,0,0
2024-03-29 13:55:54.457604,0,0,1,0,0,1,0,0,0
2024-03-29 13:55:54.468232,0,0,1,0,0,1,0,0,0
2024-03-29 13:55:54.478503,0,0,1,0,0,1,0,0,0
2024-03-29 13:55:54.488845,0,0,1,0,0,1,0,0,0
2024-03-29 13:55:54.499863,1,0,1,0,0,1,0,0,0
2024-03-29 13:55:54.509858,0,0,1,0,0,1,0,0,0
2024-03-29 13:55:54.521017,0,0,1,0,0,1,0,0,0
2024-03-29 13:55:54.530982,0,0,1,0,0,1,0,0,0
2024-03-29 13:55:54.540606,0,0,1,0,0,1,0,0,0
2024-03-29 13:55:54.551600,0,0,1,0,0,1,0,0,0
2024-03-29 13:55:54.562218,1,0,1,0,0,1,0,0,0
2024-03-29 13:55:54.572426,0,0,1,0,0,1,0,0,0
2024-03-29 13:55:54.583400,0,0,1,0,0,1,0,0,0
2024-03-29 13:55:54.593427,0,0,1,0,0,1,0,0,0
2024-03-29 13:55:54.603528,1,0,1,0,0,1,0,0,0
2024-03-29 13:55:54.613562,0,0,1,0,0,1,0,0,0
2024-03-29 13:55:54.624421,0,0,1,0,0,1,0,0,0
2024-03-29 13:55:54.634377,0,0,1,0,0,1,0,0,0
2024-03-29 13:55:54.645410,0,0,1,0,0,1,0,0,0
2024-03-29 13:55:54.655686,1,0,1,0,0,1,0,0,0
2024-03-29 13:55:54.665340,0,0,1,0,0,1,0,0,0
2024-03-29 13:55:54.676146,0,0,1,0,0,1,0,0,0
2024-03-29 13:55:54.686456,0,0,1,0,0,1,0,0,0
2024-03-29 13:55:54.697509,0,0,1,0,0,1,0,0,0
2024-03-29 13:55:54.707089,1,0,1,0,0,1,0,0,0
2024-03-29 13:55:54.718404,0,0,1,0,0,1,0,0,0
2024-03-29 13:55:54.729313,0,0,1,0,0,1,0,0,0
2024-03-29 13:55:54.738270,0,0,1,0,0,1,0,0,0
2024-03-29 13:55:54.749631,0,0,1,0,0,1,0,0,0
2024-03-29 13:55:54.761512,1,0,1,0,0,1,0,0,0
2024-03-29 13:55:54.770411,0,0,1,0,0,1,0,0,0
2024-03-29 13:55:54.781756,0,0,1,0,0,1,0,0,0
2024-03-29 13:55:54.790765,0,0,1,0,0,1,0,0,0
2024-03-29 13:55:54.801749,0,0,1,0,0,1,0,0,0
2024-03-29 13:55:54.812223,0,0,1,0,0,1,0,0,0
2024-03-29 13:55:54.822494,1,0,1,0,0,1,0,0,0
2024-03-29 13:55:54.831521,0,0,1,0,0,1,0,0,0
2024-03-29 13:55:54.842585,0,0,1,0,0,1,0,0,0
2024-03-29 13:55:54.853646,0,0,1,0,0,1,0,0,0
2024-03-29 13:55:54.864045,1,0,1,0,0,1,0,0,0
2024-03-29 13:55:54.874315,0,0,1,0,0,1,0,0,0
2024-03-29 13:55:54.885998,0,0,1,0,0,1,0,0,0
2024-03-29 13:55:54.895124,0,0,1,0,0,1,0,0,0
2024-03-29 13:55:54.906009,0,0,1,0,0,1,0,0,0
2024-03-29 13:55:54.915312,1,0,1,0,0,1,0,0,0
2024-03-29 13:55:54.926227,0,0,1,0,0,1,0,0,0
2024-03-29 13:55:54.936212,0,0,1,0,0,1,0,0,0
2024-03-29 13:55:54.947479,0,0,1,0,0,1,0,0,0
2024-03-29 13:55:54.957139,0,0,1,0,0,1,0,0,0
2024-03-29 13:55:54.967427,1,0,1,0,0,1,0,0,0
2024-03-29 13:55:54.979085,0,0,1,0,0,1,0,0,0
2024-03-29 13:55:54.988408,0,0,1,0,0,1,0,0,0
2024-03-29 13:55:54.998639,0,0,1,0,0,1,0,0,0
2024-03-29 13:55:55.009664,0,0,1,0,0,1,0,0,0
2024-03-29 13:55:55.019907,1,0,1,0,0,1,0,0,0
2024-03-29 13:55:55.030959,0,0,1,0,0,1,0,0,0
2024-03-29 13:55:55.042185,0,0,1,0,0,1,0,0,0
2024-03-29 13:55:55.051618,0,0,1,0,0,1,0,0,0
2024-03-29 13:55:55.062677,0,0,1,0,0,1,0,0,0
2024-03-29 13:55:55.071873,0,0,1,0,0,1,0,0,0
2024-03-29 13:55:55.083339,1,0,1,0,0,1,0,0,0
2024-03-29 13:55:55.092702,0,0,1,0,0,1,0,0,0
2024-03-29 13:55:55.104110,0,0,1,0,0,1,0,0,0
2024-03-29 13:55:55.113628,0,0,1,0,0,1,0,0,0
2024-03-29 13:55:55.124081,1,0,1,0,0,1,0,0,0
2024-03-29 13:55:55.134457,0,0,1,0,0,1,0,0,0
2024-03-29 13:55:55.144975,0,0,1,0,0,1,0,0,0
2024-03-29 13:55:55.155734,0,0,1,0,0,1,0,0,0
2024-03-29 13:55:55.166465,0,0,1,0,0,1,0,0,0
2024-03-29 13:55:55.175866,1,0,1,0,0,1,0,0,0
2024-03-29 13:55:55.186768,0,0,1,0,0,1,0,0,0
2024-03-29 13:55:55.196843,0,0,1,0,0,1,0,0,0
2024-03-29 13:55:55.207348,0,0,1,0,0,1,0,0,0
2024-03-29 13:55:55.218310,0,0,1,0,0,1,0,0,0
2024-03-29 13:55:55.228431,1,0,1,0,0,1,0,0,0
2024-03-29 13:55:55.238718,0,0,1,0,0,1,0,0,0
2024-03-29 13:55:55.249603,0,0,1,0,0,1,0,0,0
2024-03-29 13:55:55.259896,0,0,1,0,0,1,0,0,0
2024-03-29 13:55:55.270093,0,0,1,0,0,1,0,0,0
2024-03-29 13:55:55.280358,1,0,1,0,0,1,0,0,0
2024-03-29 13:55:55.291333,0,0,1,0,0,1,0,0,0
2024-03-29 13:55:55.302266,0,0,1,0,0,1,0,0,0
2024-03-29 13:55:55.311842,0,0,1,0,0,1,0,0,0
2024-03-29 13:55:55.322819,0,0,1,0,0,1,0,0,0
2024-03-29 13:55:55.333777,0,0,1,0,0,1,0,0,0
2024-03-29 13:55:55.342931,1,0,1,0,0,1,0,0,0
2024-03-29 13:55:55.353443,0,0,1,0,0,1,0,0,0
2024-03-29 13:55:55.364291,0,0,1,0,0,1,0,0,0
2024-03-29 13:55:55.374235,0,0,1,0,0,1,0,0,0
2024-03-29 13:55:55.384870,1,0,1,0,0,1,0,0,0
2024-03-29 13:55:55.395310,0,0,1,0,0,1,0,0,0
2024-03-29 13:55:55.405976,0,0,1,0,0,1,0,0,0
2024-03-29 13:55:55.415197,0,0,1,0,0,1,0,0,0
2024-03-29 13:55:55.426716,0,0,1,0,0,1,0,0,0
2024-03-29 13:55:55.437222,1,0,1,0,0,1,0,0,0
2024-03-29 13:55:55.448085,0,0,1,0,0,1,0,0,0
2024-03-29 13:55:55.458000,0,0,1,0,0,1,0,0,0
2024-03-29 13:55:55.467579,0,0,1,0,0,1,0,0,0
2024-03-29 13:55:55.478603,0,0,1,0,0,1,0,0,0
2024-03-29 13:55:55.489081,1,0,1,0,0,1,0,0,0
2024-03-29 13:55:55.500463,0,0,1,0,0,1,0,0,0
2024-03-29 13:55:55.509940,0,0,1,0,0,1,0,0,0
2024-03-29 13:55:55.520086,0,0,1,0,0,1,0,0,0
2024-03-29 13:55:55.530215,0,0,1,0,0,1,0,0,0
2024-03-29 13:55:55.540972,1,0,1,0,0,1,0,0,0
2024-03-29 13:55:55.551246,0,0,1,0,0,1,0,0,0
2024-03-29 13:55:55.561076,0,0,1,0,0,1,0,0,0
2024-03-29 13:55:55.572353,0,0,1,0,0,1,0,0,0
2024-03-29 13:55:55.582210,0,0,1,0,0,1,0,0,0
2024-03-29 13:55:55.592730,0,0,1,0,0,1,0,0,0
2024-03-29 13:55:55.603481,1,0,1,0,0,1,0,0,0
2024-03-29 13:55:55.613439,0,0,1,0,0,1,0,0,0
2024-03-29 13:55:55.623490,0,0,1,0,0,1,0,0,0
2024-03-29 13:55:55.634773,0,0,1,0,0,1,0,0,0
2024-03-29 13:55:55.644422,1,0,1,0,0,1,0,0,0
2024-03-29 13:55:55.655660,0,0,1,0,0,1,0,0,0
2024-03-29 13:55:55.665697,0,0,1,0,0,1,0,0,0
2024-03-29 13:55:55.676337,0,0,1,0,0,1,0,0,0
2024-03-29 13:55:55.686307,0,0,1,0,0,1,0,0,0
2024-03-29 13:55:55.697269,1,0,1,0,0,1,0,0,0
2024-03-29 13:55:55.707954,0,0,1,0,0,1,0,0,0
2024-03-29 13:55:55.717914,0,0,1,0,0,1,0,0,0
2024-03-29 13:55:55.727807,0,0,1,0,0,1,0,0,0
2024-03-29 13:55:55.738537,0,0,1,0,0,1,0,0,0
2024-03-29 13:55:55.750208,1,0,1,0,0,1,0,0,0
2024-03-29 13:55:55.759452,0,0,1,0,0,1,0,0,0
2024-03-29 13:55:55.770193,0,0,1,0,0,1,0,0,0
2024-03-29 13:55:55.781015,0,0,1,0,0,1,0,0,0
2024-03-29 13:55:55.790329,0,0,1,0,0,1,0,0,0
2024-03-29 13:55:55.801295,1,0,1,0,0,1,0,0,0
2024-03-29 13:55:55.811330,0,0,1,0,0,1,0,0,0
2024-03-29 13:55:55.822303,0,0,1,0,0,1,0,0,0
2024-03-29 13:55:55.832477,0,0,1,0,0,1,0,0,0
2024-03-29 13:55:55.842421,0,0,1,0,0,1,0,0,0
2024-03-29 13:55:55.853231,0,0,1,0,0,1,0,0,0
2024-03-29 13:55:55.863930,0,0,1,0,0,1,0,0,0
2024-03-29 13:55:55.874499,0,0,1,0,0,1,0,0,0
2024-03-29 13:55:55.884832,1,0,1,0,0,1,0,0,0
2024-03-29 13:55:55.894477,0,0,1,0,0,1,0,0,0
2024-03-29 13:55:55.905634,0,0,1,0,0,1,0,0,0
2024-03-29 13:55:55.915631,0,0,1,0,0,1,0,0,0
2024-03-29 13:55:55.926203,0,0,1,0,0,1,0,0,0
2024-03-29 13:55:55.936488,1,0,1,0,0,1,0,0,0
2024-03-29 13:55:55.946974,0,0,1,0,0,1,0,0,0
2024-03-29 13:55:55.957395,0,0,1,0,0,1,0,0,0
2024-03-29 13:55:55.968148,0,0,1,0,0,1,0,0,0
2024-03-29 13:55:55.978527,0,0,1,0,0,1,0,0,0
2024-03-29 13:55:55.988526,1,0,1,0,0,1,0,0,0
2024-03-29 13:55:55.999481,0,0,1,0,0,1,0,0,0
2024-03-29 13:55:56.010519,0,0,1,0,0,1,0,0,0
2024-03-29 13:55:56.020475,0,0,1,0,0,1,0,0,0
2024-03-29 13:55:56.031426,0,0,1,0,0,1,0,0,0
2024-03-29 13:55:56.041365,0,0,1,0,0,1,0,0,0
2024-03-29 13:55:56.050949,1,0,1,0,0,1,0,0,0
2024-03-29 13:55:56.061649,0,0,1,0,0,1,0,0,0
2024-03-29 13:55:56.072440,0,0,1,0,0,1,0,0,0
2024-03-29 13:55:56.082379,0,0,1,0,0,1,0,0,0
2024-03-29 13:55:56.094725,1,0,1,0,0,1,0,0,0
2024-03-29 13:55:56.103677,0,0,1,0,0,1,0,0,0
2024-03-29 13:55:56.114227,0,0,1,0,0,1,0,0,0
2024-03-29 13:55:56.124119,0,0,1,0,0,1,0,0,0
2024-03-29 13:55:56.134961,0,0,1,0,0,1,0,0,0
2024-03-29 13:55:56.145320,1,0,1,0,0,1,0,0,0
2024-03-29 13:55:56.154730,0,0,1,0,0,1,0,0,0
2024-03-29 13:55:56.166036,0,0,1,0,0,1,0,0,0
2024-03-29 13:55:56.176172,0,0,1,0,0,1,0,0,0
2024-03-29 13:55:56.186405,0,0,1,0,0,1,0,0,0
2024-03-29 13:55:56.196679,1,0,1,0,0,1,0,0,0
2024-03-29 13:55:56.207073,0,0,1,0,0,1,0,0,0
2024-03-29 13:55:56.219225,0,0,1,0,0,1,0,0,0
2024-03-29 13:55:56.228637,0,0,1,0,0,1,0,0,0
2024-03-29 13:55:56.238864,0,0,1,0,0,1,0,0,0
2024-03-29 13:55:56.250688,1,0,1,0,0,1,0,0,0
2024-03-29 13:55:56.259819,0,0,1,0,0,1,0,0,0
2024-03-29 13:55:56.269778,0,0,1,0,0,1,0,0,0
2024-03-29 13:55:56.280417,0,0,1,0,0,1,0,0,0
2024-03-29 13:55:56.290750,0,0,1,0,0,1,0,0,0
2024-03-29 13:55:56.301143,0,0,1,0,0,1,0,0,0
2024-03-29 13:55:56.311595,1,0,1,0,0,1,0,0,0
2024-03-29 13:55:56.322341,0,0,1,0,0,1,0,0,0
2024-03-29 13:55:56.332209,0,0,1,0,0,1,0,0,0
2024-03-29 13:55:56.343183,0,0,1,0,0,1,0,0,0
2024-03-29 13:55:56.353513,1,0,1,0,0,1,0,0,0
2024-03-29 13:55:56.363758,0,0,1,0,0,1,0,0,0
2024-03-29 13:55:56.373587,0,0,1,0,0,1,0,0,0
2024-03-29 13:55:56.384014,0,0,1,0,0,1,0,0,0
2024-03-29 13:55:56.395542,0,0,1,0,0,1,0,0,0
2024-03-29 13:55:56.405523,1,0,1,0,0,1,0,0,0
2024-03-29 13:55:56.415861,0,0,1,0,0,1,0,0,0
2024-03-29 13:55:56.426490,0,0,1,0,0,1,0,0,0
2024-03-29 13:55:56.436607,0,0,1,0,0,1,0,0,0
2024-03-29 13:55:56.446758,0,0,1,0,0,1,0,0,0
2024-03-29 13:55:56.457806,1,0,1,0,0,1,0,0,0
2024-03-29 13:55:56.467522,0,0,1,0,0,1,0,0,0
2024-03-29 13:55:56.477707,0,0,1,0,0,1,0,0,0
2024-03-29 13:55:56.489136,0,0,1,0,0,1,0,0,0
2024-03-29 13:55:56.499628,0,0,1,0,0,1,0,0,0
2024-03-29 13:55:56.509847,1,0,1,0,0,1,0,0,0
2024-03-29 13:55:56.519912,0,0,1,0,0,1,0,0,0
2024-03-29 13:55:56.530176,0,0,1,0,0,1,0,0,0
2024-03-29 13:55:56.540452,0,0,1,0,0,1,0,0,0
2024-03-29 13:55:56.550667,0,0,1,0,0,1,0,0,0
2024-03-29 13:55:56.561915,0,0,1,0,0,1,0,0,0
2024-03-29 13:55:56.571938,1,0,1,0,0,1,0,0,0
2024-03-29 13:55:56.582498,0,0,1,0,0,1,0,0,0
2024-03-29 13:55:56.592621,0,0,1,0,0,1,0,0,0
2024-03-29 13:55:56.602759,0,0,1,0,0,1,0,0,0
2024-03-29 13:55:56.613265,1,0,1,0,0,1,0,0,0
2024-03-29 13:55:56.623871,0,0,1,0,0,1,0,0,0
2024-03-29 13:55:56.633520,0,0,1,0,0,1,0,0,0
2024-03-29 13:55:56.644744,0,0,1,0,0,1,0,0,0
2024-03-29 13:55:56.655461,0,0,1,0,0,1,0,0,0
2024-03-29 13:55:56.665946,1,0,1,0,0,1,0,0,0
2024-03-29 13:55:56.676257,0,0,1,0,0,1,0,0,0
2024-03-29 13:55:56.686390,0,0,1,0,0,1,0,0,0
2024-03-29 13:55:56.696977,0,0,1,0,0,1,0,0,0
2024-03-29 13:55:56.707773,0,0,1,0,0,1,0,0,0
2024-03-29 13:55:56.718035,1,0,1,0,0,1,0,0,0
2024-03-29 13:55:56.728343,0,0,1,0,0,1,0,0,0
2024-03-29 13:55:56.739316,0,0,1,0,0,1,0,0,0
2024-03-29 13:55:56.749262,0,0,1,0,0,1,0,0,0
2024-03-29 13:55:56.760229,0,0,1,0,0,1,0,0,0
2024-03-29 13:55:56.769884,1,0,1,0,0,1,0,0,0
2024-03-29 13:55:56.779892,0,0,1,0,0,1,0,0,0
2024-03-29 13:55:56.791179,0,0,1,0,0,1,0,0,0
2024-03-29 13:55:56.801734,0,0,1,0,0,1,0,0,0
2024-03-29 13:55:56.811461,0,0,1,0,0,1,0,0,0
2024-03-29 13:55:56.821970,0,0,1,0,0,1,0,0,0
2024-03-29 13:55:56.832698,1,0,1,0,0,1,0,0,0
2024-03-29 13:55:56.841730,0,0,1,0,0,1,0,0,0
2024-03-29 13:55:56.854317,0,0,1,0,0,1,0,0,0
2024-03-29 13:55:56.863834,0,0,1,0,0,1,0,0,0
2024-03-29 13:55:56.874309,1,0,1,0,0,1,0,0,0
2024-03-29 13:55:56.884246,0,0,1,0,0,1,0,0,0
2024-03-29 13:55:56.895286,0,0,1,0,0,1,0,0,0
2024-03-29 13:55:56.905532,0,0,1,0,0,1,0,0,0
2024-03-29 13:55:56.917052,0,0,1,0,0,1,0,0,0
2024-03-29 13:55:56.926615,1,0,1,0,0,1,0,0,0
2024-03-29 13:55:56.936448,0,0,1,0,0,1,0,0,0
2024-03-29 13:55:56.946636,0,0,1,0,0,1,0,0,0
2024-03-29 13:55:56.956987,0,0,1,0,0,1,0,0,0
2024-03-29 13:55:56.967871,0,0,1,0,0,1,0,0,0
2024-03-29 13:55:56.978210,1,0,1,0,0,1,0,0,0
2024-03-29 13:55:56.988570,0,0,1,0,0,1,0,0,0
2024-03-29 13:55:56.999217,0,0,1,0,0,1,0,0,0
2024-03-29 13:55:57.009503,0,0,1,0,0,1,0,0,0
2024-03-29 13:55:57.019950,0,0,1,0,0,1,0,0,0
2024-03-29 13:55:57.029458,1,0,1,0,0,1,0,0,0
2024-03-29 13:55:57.041040,0,0,1,0,0,1,0,0,0
2024-03-29 13:55:57.051620,0,0,1,0,0,1,0,0,0
2024-03-29 13:55:57.061149,0,0,1,0,0,1,0,0,0
2024-03-29 13:55:57.072322,0,0,1,0,0,1,0,0,0
2024-03-29 13:55:57.082695,0,0,1,0,0,1,0,0,0
2024-03-29 13:55:57.092818,1,0,1,0,0,1,0,0,0
2024-03-29 13:55:57.103656,0,0,1,0,0,1,0,0,0
2024-03-29 13:55:57.113868,0,0,1,0,0,1,0,0,0
2024-03-29 13:55:57.124182,0,0,1,0,0,1,0,0,0
2024-03-29 13:55:57.134853,1,0,1,0,0,1,0,0,0
2024-03-29 13:55:57.145437,0,0,1,0,0,1,0,0,0
2024-03-29 13:55:57.156079,0,0,1,0,0,1,0,0,0
2024-03-29 13:55:57.166647,0,0,1,0,0,1,0,0,0
2024-03-29 13:55:57.176020,0,0,1,0,0,1,0,0,0
2024-03-29 13:55:57.186869,1,0,1,0,0,1,0,0,0
2024-03-29 13:55:57.197022,0,0,1,0,0,1,0,0,0
2024-03-29 13:55:57.207816,0,0,1,0,0,1,0,0,0
2024-03-29 13:55:57.217621,0,0,1,0,0,1,0,0,0
2024-03-29 13:55:57.228665,0,0,1,0,0,1,0,0,0
2024-03-29 13:55:57.238622,1,0,1,0,0,1,0,0,0
2024-03-29 13:55:57.249181,0,0,1,0,0,1,0,0,0
2024-03-29 13:55:57.259560,0,0,1,0,0,1,0,0,0
2024-03-29 13:55:57.270509,0,0,1,0,0,1,0,0,0
2024-03-29 13:55:57.280451,0,0,1,0,0,1,0,0,0
2024-03-29 13:55:57.290279,1,0,1,0,0,1,0,0,0
2024-03-29 13:55:57.301474,0,0,1,0,0,1,0,0,0
2024-03-29 13:55:57.311290,0,0,1,0,0,1,0,0,0
2024-03-29 13:55:57.321026,0,0,1,0,0,1,0,0,0
2024-03-29 13:55:57.332712,0,0,1,0,0,1,0,0,0
2024-03-29 13:55:57.342338,0,0,1,0,0,1,0,0,0
2024-03-29 13:55:57.353049,1,0,1,0,0,1,0,0,0
2024-03-29 13:55:57.363498,0,0,1,0,0,1,0,0,0
2024-03-29 13:55:57.374517,0,0,1,0,0,1,0,0,0
2024-03-29 13:55:57.384751,0,0,1,0,0,1,0,0,0
2024-03-29 13:55:57.394760,1,0,1,0,0,1,0,0,0
2024-03-29 13:55:57.405053,0,0,1,0,0,1,0,0,0
2024-03-29 13:55:57.415080,0,0,1,0,0,1,0,0,0
2024-03-29 13:55:57.425600,0,0,1,0,0,1,0,0,0
2024-03-29 13:55:57.436539,0,0,1,0,0,1,0,0,0
2024-03-29 13:55:57.447134,1,0,1,0,0,1,0,0,0
2024-03-29 13:55:57.457596,0,0,1,0,0,1,0,0,0
2024-03-29 13:55:57.467563,0,0,1,0,0,1,0,0,0
2024-03-29 13:55:57.477529,0,0,1,0,0,1,0,0,0
2024-03-29 13:55:57.488784,0,0,1,0,0,1,0,0,0
2024-03-29 13:55:57.499274,1,0,1,0,0,1,0,0,0
2024-03-29 13:55:57.509275,0,0,1,0,0,1,0,0,0
2024-03-29 13:55:57.519481,0,0,1,0,0,1,0,0,0
2024-03-29 13:55:57.530418,0,0,1,0,0,1,0,0,0
2024-03-29 13:55:57.540412,0,0,1,0,0,1,0,0,0
2024-03-29 13:55:57.550957,1,0,1,0,0,1,0,0,0
2024-03-29 13:55:57.561441,0,0,1,0,0,1,0,0,0
2024-03-29 13:55:57.571406,0,0,1,0,0,1,0,0,0
2024-03-29 13:55:57.583252,0,0,1,0,0,1,0,0,0
2024-03-29 13:55:57.593239,0,0,1,0,0,1,0,0,0
2024-03-29 13:55:57.603169,0,0,1,0,0,1,0,0,0
2024-03-29 13:55:57.614023,1,0,1,0,0,1,0,0,0
2024-03-29 13:55:57.623885,0,0,1,0,0,1,0,0,0
2024-03-29 13:55:57.634111,0,0,1,0,0,1,0,0,0
2024-03-29 13:55:57.644579,0,0,1,0,0,1,0,0,0
2024-03-29 13:55:57.654822,1,0,1,0,0,1,0,0,0
2024-03-29 13:55:57.665094,0,0,1,0,0,1,0,0,0
2024-03-29 13:55:57.676482,0,0,1,0,0,1,0,0,0
2024-03-29 13:55:57.687086,0,0,1,0,0,1,0,0,0
2024-03-29 13:55:57.697092,0,0,1,0,0,1,0,0,0
2024-03-29 13:55:57.708085,1,0,1,0,0,1,0,0,0
2024-03-29 13:55:57.717594,0,0,1,0,0,1,0,0,0
2024-03-29 13:55:57.728631,0,0,1,0,0,1,0,0,0
2024-03-29 13:55:57.738258,0,0,1,0,0,1,0,0,0
2024-03-29 13:55:57.748618,0,0,1,0,0,1,0,0,0
2024-03-29 13:55:57.758728,1,0,1,0,0,1,0,0,0
2024-03-29 13:55:57.770342,0,0,1,0,0,1,0,0,0
2024-03-29 13:55:57.779698,0,0,1,0,0,1,0,0,0
2024-03-29 13:55:57.790290,0,0,1,0,0,1,0,0,0
2024-03-29 13:55:57.800437,0,0,1,0,0,1,0,0,0
2024-03-29 13:55:57.810984,1,0,1,0,0,1,0,0,0
2024-03-29 13:55:57.821921,0,0,1,0,0,1,0,0,0
2024-03-29 13:55:57.832397,0,0,1,0,0,1,0,0,0
2024-03-29 13:55:57.842686,0,0,1,0,0,1,0,0,0
2024-03-29 13:55:57.853469,0,0,1,0,0,1,0,0,0
2024-03-29 13:55:57.864169,0,0,1,0,0,1,0,0,0
2024-03-29 13:55:57.874153,1,0,1,0,0,1,0,0,0
2024-03-29 13:55:57.884399,0,0,1,0,0,1,0,0,0
2024-03-29 13:55:57.894433,0,0,1,0,0,1,0,0,0
2024-03-29 13:55:57.905885,0,0,1,0,0,1,0,0,0
2024-03-29 13:55:57.915736,1,0,1,0,0,1,0,0,0
2024-03-29 13:55:57.925867,0,0,1,0,0,1,0,0,0
2024-03-29 13:55:57.936361,0,0,1,0,0,1,0,0,0
2024-03-29 13:55:57.946823,0,0,1,0,0,1,0,0,0
2024-03-29 13:55:57.957922,0,0,1,0,0,1,0,0,0
2024-03-29 13:55:57.967297,1,0,1,0,0,1,0,0,0
2024-03-29 13:55:57.978405,0,0,1,0,0,1,0,0,0
2024-03-29 13:55:57.989014,0,0,1,0,0,1,0,0,0
2024-03-29 13:55:57.999055,0,0,1,0,0,1,0,0,0
2024-03-29 13:55:58.009543,0,0,1,0,0,1,0,0,0
2024-03-29 13:55:58.019720,1,0,1,0,0,1,0,0,0
2024-03-29 13:55:58.030706,0,0,1,0,0,1,0,0,0
2024-03-29 13:55:58.040683,0,0,1,0,0,1,0,0,0
2024-03-29 13:55:58.051028,0,0,1,0,0,1,0,0,0
2024-03-29 13:55:58.061537,0,0,1,0,0,1,0,0,0
2024-03-29 13:55:58.072476,1,0,1,0,0,1,0,0,0
2024-03-29 13:55:58.082782,0,0,1,0,0,1,0,0,0
2024-03-29 13:55:58.092823,0,0,1,0,0,1,0,0,0
2024-03-29 13:55:58.103281,0,0,1,0,0,1,0,0,0
2024-03-29 13:55:58.113425,0,0,1,0,0,1,0,0,0
2024-03-29 13:55:58.123895,0,0,1,0,0,1,0,0,0
2024-03-29 13:55:58.134070,1,0,1,0,0,1,0,0,0
2024-03-29 13:55:58.144813,0,0,1,0,0,1,0,0,0
2024-03-29 13:55:58.155731,0,0,1,0,0,1,0,0,0
2024-03-29 13:55:58.165660,0,0,1,0,0,1,0,0,0
2024-03-29 13:55:58.175626,1,0,1,0,0,1,0,0,0
2024-03-29 13:55:58.186685,0,0,1,0,0,1,0,0,0
2024-03-29 13:55:58.196783,0,0,1,0,0,1,0,0,0
2024-03-29 13:55:58.207685,0,0,1,0,0,1,0,0,0
2024-03-29 13:55:58.217448,0,0,1,0,0,1,0,0,0
2024-03-29 13:55:58.228431,1,0,1,0,0,1,0,0,0
2024-03-29 13:55:58.238580,0,0,1,0,0,1,0,0,0
2024-03-29 13:55:58.248955,0,0,1,0,0,1,0,0,0
2024-03-29 13:55:58.259759,0,0,1,0,0,1,0,0,0
2024-03-29 13:55:58.270473,0,0,1,0,0,1,0,0,0
2024-03-29 13:55:58.280273,1,0,1,0,0,1,0,0,0
2024-03-29 13:55:58.290378,0,0,1,0,0,1,0,0,0
2024-03-29 13:55:58.300362,0,0,1,0,0,1,0,0,0
2024-03-29 13:55:58.311580,0,0,1,0,0,1,0,0,0
2024-03-29 13:55:58.322032,0,0,1,0,0,1,0,0,0
2024-03-29 13:55:58.332287,1,0,1,0,0,1,0,0,0
2024-03-29 13:55:58.342915,0,0,1,0,0,1,0,0,0
2024-03-29 13:55:58.353613,0,0,1,0,0,1,0,0,0
2024-03-29 13:55:58.363532,0,0,1,0,0,1,0,0,0
2024-03-29 13:55:58.373830,0,0,1,0,0,1,0,0,0
2024-03-29 13:55:58.384476,0,0,1,0,0,1,0,0,0
2024-03-29 13:55:58.394482,1,0,1,0,0,1,0,0,0
2024-03-29 13:55:58.405190,0,0,1,0,0,1,0,0,0
2024-03-29 13:55:58.416641,0,0,1,0,0,1,0,0,0
2024-03-29 13:55:58.425624,0,0,1,0,0,1,0,0,0
2024-03-29 13:55:58.436623,1,0,1,0,0,1,0,0,0
2024-03-29 13:55:58.446786,0,0,1,0,0,1,0,0,0
2024-03-29 13:55:58.457518,0,0,1,0,0,1,0,0,0
2024-03-29 13:55:58.468043,0,0,1,0,0,1,0,0,0
2024-03-29 13:55:58.478011,0,0,1,0,0,1,0,0,0
2024-03-29 13:55:58.489098,1,0,1,0,0,1,0,0,0
2024-03-29 13:55:58.499214,0,0,1,0,0,1,0,0,0
2024-03-29 13:55:58.510014,0,0,1,0,0,1,0,0,0
2024-03-29 13:55:58.519689,0,0,1,0,0,1,0,0,0
2024-03-29 13:55:58.530425,0,0,1,0,0,1,0,0,0
2024-03-29 13:55:58.541228,1,0,1,0,0,1,0,0,0
2024-03-29 13:55:58.550719,0,0,1,0,0,1,0,0,0
2024-03-29 13:55:58.561351,0,0,1,0,0,1,0,0,0
2024-03-29 13:55:58.572046,0,0,1,0,0,1,0,0,0
2024-03-29 13:55:58.583357,0,0,1,0,0,1,0,0,0
2024-03-29 13:55:58.592327,1,0,1,0,0,1,0,0,0
2024-03-29 13:55:58.603368,0,0,1,0,0,1,0,0,0
2024-03-29 13:55:58.613508,0,0,1,0,0,1,0,0,0
2024-03-29 13:55:58.624787,0,0,1,0,0,1,0,0,0
2024-03-29 13:55:58.634166,0,0,1,0,0,1,0,0,0
2024-03-29 13:55:58.645487,0,0,1,0,0,1,0,0,0
2024-03-29 13:55:58.655218,1,0,1,0,0,1,0,0,0
2024-03-29 13:55:58.665608,0,0,1,0,0,1,0,0,0
2024-03-29 13:55:58.676000,0,0,1,0,0,1,0,0,0
2024-03-29 13:55:58.686713,0,0,1,0,0,1,0,0,0
2024-03-29 13:55:58.696791,1,0,1,0,0,1,0,0,0
2024-03-29 13:55:58.707198,0,0,1,0,0,1,0,0,0
2024-03-29 13:55:58.716809,0,0,1,0,0,1,0,0,0
2024-03-29 13:55:58.727965,0,0,1,0,0,1,0,0,0
2024-03-29 13:55:58.738802,0,0,1,0,0,1,0,0,0
2024-03-29 13:55:58.749294,1,0,1,0,0,1,0,0,0
2024-03-29 13:55:58.759429,0,0,1,0,0,1,0,0,0
2024-03-29 13:55:58.769417,0,0,1,0,0,1,0,0,0
2024-03-29 13:55:58.780158,0,0,1,0,0,1,0,0,0
2024-03-29 13:55:58.790142,0,0,1,0,0,1,0,0,0
2024-03-29 13:55:58.800758,1,0,1,0,0,1,0,0,0
2024-03-29 13:55:58.811424,0,0,1,0,0,1,0,0,0
2024-03-29 13:55:58.821474,0,0,1,0,0,1,0,0,0
2024-03-29 13:55:58.833460,0,0,1,0,0,1,0,0,0
2024-03-29 13:55:58.842598,0,0,1,0,0,1,0,0,0
2024-03-29 13:55:58.852801,1,0,1,0,0,1,0,0,0
2024-03-29 13:55:58.863635,0,0,1,0,0,1,0,0,0
2024-03-29 13:55:58.874118,0,0,1,0,0,1,0,0,0
2024-03-29 13:55:58.884486,0,0,1,0,0,1,0,0,0
2024-03-29 13:55:58.894682,0,0,1,0,0,1,0,0,0
2024-03-29 13:55:58.906125,0,0,1,0,0,1,0,0,0
2024-03-29 13:55:58.917288,0,0,1,0,0,1,0,0,0
2024-03-29 13:55:58.926565,1,0,1,0,0,1,0,0,0
2024-03-29 13:55:58.936921,1,0,1,0,0,1,0,0,0
2024-03-29 13:55:58.946949,1,0,1,0,0,1,0,0,0
2024-03-29 13:55:58.957181,0,0,1,0,0,1,0,0,0
2024-03-29 13:55:58.967966,0,0,1,0,0,1,0,0,0
2024-03-29 13:55:58.977677,1,0,1,0,0,1,0,0,0
2024-03-29 13:55:58.988369,1,0,1,0,0,1,0,0,0
2024-03-29 13:55:58.999987,0,0,1,0,0,1,0,0,0
2024-03-29 13:55:59.009607,0,0,1,0,0,1,0,0,0
2024-03-29 13:55:59.019740,0,0,1,0,0,1,0,0,0
2024-03-29 13:55:59.029608,1,0,1,0,0,1,0,0,0
2024-03-29 13:55:59.040215,1,0,1,0,0,1,0,0,0
2024-03-29 13:55:59.051263,0,0,1,0,0,1,0,0,0
2024-03-29 13:55:59.061858,0,0,1,0,0,1,0,0,0
2024-03-29 13:55:59.072086,0,0,1,0,0,1,0,0,0
2024-03-29 13:55:59.082196,1,0,1,0,0,1,0,0,0
2024-03-29 13:55:59.091872,0,0,1,0,0,1,0,0,0
2024-03-29 13:55:59.103032,0,0,1,0,0,1,0,0,0
2024-03-29 13:55:59.113339,0,0,1,0,0,1,0,0,0
2024-03-29 13:55:59.123928,0,0,1,0,0,1,0,0,0
2024-03-29 13:55:59.134269,1,0,1,0,0,1,0,0,0
2024-03-29 13:55:59.145668,1,0,1,0,0,1,0,0,0
2024-03-29 13:55:59.155020,0,0,1,0,0,1,0,0,0
2024-03-29 13:55:59.166898,0,0,1,0,0,1,0,0,0
2024-03-29 13:55:59.175922,0,0,1,0,0,1,0,0,0
2024-03-29 13:55:59.186836,1,0,1,0,0,1,0,0,0
2024-03-29 13:55:59.196732,1,0,1,0,0,1,0,0,0
2024-03-29 13:55:59.206732,1,0,1,0,0,1,0,0,0
2024-03-29 13:55:59.217708,0,0,1,0,0,1,0,0,0
2024-03-29 13:55:59.228367,0,0,1,0,0,1,0,0,0
2024-03-29 13:55:59.238677,1,0,1,0,0,1,0,0,0
2024-03-29 13:55:59.248488,1,0,1,0,0,1,0,0,0
2024-03-29 13:55:59.259452,0,0,1,0,0,1,0,0,0
2024-03-29 13:55:59.269418,0,0,1,0,0,1,0,0,0
2024-03-29 13:55:59.279431,0,0,1,0,0,1,0,0,0
2024-03-29 13:55:59.289908,1,0,1,0,0,1,0,0,0
2024-03-29 13:55:59.300906,1,0,1,0,0,1,0,0,0
2024-03-29 13:55:59.310625,0,0,1,0,0,1,0,0,0
2024-03-29 13:55:59.321912,0,0,1,0,0,1,0,0,0
2024-03-29 13:55:59.332354,0,0,1,0,0,1,0,0,0
2024-03-29 13:55:59.341944,1,0,1,0,0,1,0,0,0
2024-03-29 13:55:59.353101,0,0,1,0,0,1,0,0,0
2024-03-29 13:55:59.363326,0,0,1,0,0,1,0,0,0
2024-03-29 13:55:59.373803,0,0,1,0,0,1,0,0,0
2024-03-29 13:55:59.384421,0,0,1,0,0,1,0,0,0
2024-03-29 13:55:59.394944,1,0,1,0,0,1,0,0,0
2024-03-29 13:55:59.405378,1,0,1,0,0,1,0,0,0
2024-03-29 13:55:59.415192,0,0,1,0,0,1,0,0,0
2024-03-29 13:55:59.426538,0,0,1,0,0,1,0,0,0
2024-03-29 13:55:59.436193,0,0,1,0,0,1,0,0,0
2024-03-29 13:55:59.447386,1,0,1,0,0,1,0,0,0
2024-03-29 13:55:59.457761,1,0,1,0,0,1,0,0,0
2024-03-29 13:55:59.467421,1,0,1,0,0,1,0,0,0
2024-03-29 13:55:59.478364,0,0,1,0,0,1,0,0,0
2024-03-29 13:55:59.488729,0,0,1,0,0,1,0,0,0
2024-03-29 13:55:59.499635,1,0,1,0,0,1,0,0,0
2024-03-29 13:55:59.509767,1,0,1,0,0,1,0,0,0
2024-03-29 13:55:59.520042,0,0,1,0,0,1,0,0,0
2024-03-29 13:55:59.530895,0,0,1,0,0,1,0,0,0
2024-03-29 13:55:59.540824,0,0,1,0,0,1,0,0,0
2024-03-29 13:55:59.551449,1,0,1,0,0,1,0,0,0
2024-03-29 13:55:59.561569,1,0,1,0,0,1,0,0,0
2024-03-29 13:55:59.572054,0,0,1,0,0,1,0,0,0
2024-03-29 13:55:59.582075,0,0,1,0,0,1,0,0,0
2024-03-29 13:55:59.595031,0,0,1,0,0,1,0,0,0
2024-03-29 13:55:59.603870,1,0,1,0,0,1,0,0,0
2024-03-29 13:55:59.613367,0,0,1,0,0,1,0,0,0
2024-03-29 13:55:59.624334,0,0,1,0,0,1,0,0,0
2024-03-29 13:55:59.634880,0,0,1,0,0,1,0,0,0
2024-03-29 13:55:59.644720,0,0,1,0,0,1,0,0,0
2024-03-29 13:55:59.654829,1,0,1,0,0,1,0,0,0
2024-03-29 13:55:59.665973,1,0,1,0,0,1,0,0,0
2024-03-29 13:55:59.675951,0,0,1,0,0,1,0,0,0
2024-03-29 13:55:59.687152,0,0,1,0,0,1,0,0,0
2024-03-29 13:55:59.696797,0,0,1,0,0,1,0,0,0
2024-03-29 13:55:59.707069,1,0,1,0,0,1,0,0,0
2024-03-29 13:55:59.717343,1,0,1,0,0,1,0,0,0
2024-03-29 13:55:59.728390,1,0,1,0,0,1,0,0,0
2024-03-29 13:55:59.738230,0,0,1,0,0,1,0,0,0
2024-03-29 13:55:59.750272,0,0,1,0,0,1,0,0,0
2024-03-29 13:55:59.759941,1,0,1,0,0,1,0,0,0
2024-03-29 13:55:59.770274,1,0,1,0,0,1,0,0,0
2024-03-29 13:55:59.780731,0,0,1,0,0,1,0,0,0
2024-03-29 13:55:59.790895,0,0,1,0,0,1,0,0,0
2024-03-29 13:55:59.800522,0,0,1,0,0,1,0,0,0
2024-03-29 13:55:59.811393,1,0,1,0,0,1,0,0,0
2024-03-29 13:55:59.821628,1,0,1,0,0,1,0,0,0
2024-03-29 13:55:59.831781,0,0,1,0,0,1,0,0,0
2024-03-29 13:55:59.843189,0,0,1,0,0,1,0,0,0
2024-03-29 13:55:59.853677,0,0,1,0,0,1,0,0,0
2024-03-29 13:55:59.863146,1,0,1,0,0,1,0,0,0
2024-03-29 13:55:59.874473,0,0,1,0,0,1,0,0,0
2024-03-29 13:55:59.884118,0,0,1,0,0,1,0,0,0
2024-03-29 13:55:59.894708,0,0,1,0,0,1,0,0,0
2024-03-29 13:55:59.904715,0,0,1,0,0,1,0,0,0
2024-03-29 13:55:59.915096,1,0,1,0,0,1,0,0,0
2024-03-29 13:55:59.925966,1,0,1,0,0,1,0,0,0
2024-03-29 13:55:59.937061,0,0,1,0,0,1,0,0,0
2024-03-29 13:55:59.947186,0,0,1,0,0,1,0,0,0
2024-03-29 13:55:59.957202,0,0,1,0,0,1,0,0,0
2024-03-29 13:55:59.967333,1,0,1,0,0,1,0,0,0
2024-03-29 13:55:59.978629,1,0,1,0,0,1,0,0,0
2024-03-29 13:55:59.989190,1,0,1,0,0,1,0,0,0
2024-03-29 13:55:59.999284,0,0,1,0,0,1,0,0,0
2024-03-29 13:56:00.009263,0,0,1,0,0,1,0,0,0
2024-03-29 13:56:00.019524,1,0,1,0,0,1,0,0,0
2024-03-29 13:56:00.030216,1,0,1,0,0,1,0,0,0
2024-03-29 13:56:00.041183,0,0,1,0,0,1,0,0,0
2024-03-29 13:56:00.051321,0,0,1,0,0,1,0,0,0
2024-03-29 13:56:00.061374,0,0,1,0,0,1,0,0,0
2024-03-29 13:56:00.072349,1,0,1,0,0,1,0,0,0
2024-03-29 13:56:00.081981,1,0,1,0,0,1,0,0,0
2024-03-29 13:56:00.092952,0,0,1,0,0,1,0,0,0
2024-03-29 13:56:00.102910,0,0,1,0,0,1,0,0,0
2024-03-29 13:56:00.112989,0,0,1,0,0,1,0,0,0
2024-03-29 13:56:00.124104,1,0,1,0,0,1,0,0,0
2024-03-29 13:56:00.134026,0,0,1,0,0,1,0,0,0
2024-03-29 13:56:00.145029,0,0,1,0,0,1,0,0,0
2024-03-29 13:56:00.155563,0,0,1,0,0,1,0,0,0
2024-03-29 13:56:00.165585,0,0,1,0,0,1,0,0,0
2024-03-29 13:56:00.176452,1,0,1,0,0,1,0,0,0
2024-03-29 13:56:00.187083,1,0,1,0,0,1,0,0,0
2024-03-29 13:56:00.197297,0,0,1,0,0,1,0,0,0
2024-03-29 13:56:00.207708,0,0,1,0,0,1,0,0,0
2024-03-29 13:56:00.217932,0,0,1,0,0,1,0,0,0
2024-03-29 13:56:00.228096,1,0,1,0,0,1,0,0,0
2024-03-29 13:56:00.239066,1,0,1,0,0,1,0,0,0
2024-03-29 13:56:00.249557,1,0,1,0,0,1,0,0,0
2024-03-29 13:56:00.259414,0,0,1,0,0,1,0,0,0
2024-03-29 13:56:00.269650,0,0,1,0,0,1,0,0,0
2024-03-29 13:56:00.280669,1,0,1,0,0,1,0,0,0
2024-03-29 13:56:00.290696,1,0,1,0,0,1,0,0,0
2024-03-29 13:56:00.300448,0,0,1,0,0,1,0,0,0
2024-03-29 13:56:00.311595,0,0,1,0,0,1,0,0,0
2024-03-29 13:56:00.321552,0,0,1,0,0,1,0,0,0
2024-03-29 13:56:00.332664,1,0,1,0,0,1,0,0,0
2024-03-29 13:56:00.342656,1,0,1,0,0,1,0,0,0
2024-03-29 13:56:00.353700,0,0,1,0,0,1,0,0,0
2024-03-29 13:56:00.363438,0,0,1,0,0,1,0,0,0
2024-03-29 13:56:00.374351,0,0,1,0,0,1,0,0,0
2024-03-29 13:56:00.384372,1,0,1,0,0,1,0,0,0
2024-03-29 13:56:00.394709,0,0,1,0,0,1,0,0,0
2024-03-29 13:56:00.405077,0,0,1,0,0,1,0,0,0
2024-03-29 13:56:00.416516,0,0,1,0,0,1,0,0,0
2024-03-29 13:56:00.426359,0,0,1,0,0,1,0,0,0
2024-03-29 13:56:00.436148,1,0,1,0,0,1,0,0,0
2024-03-29 13:56:00.446452,1,0,1,0,0,1,0,0,0
2024-03-29 13:56:00.457457,0,0,1,0,0,1,0,0,0
2024-03-29 13:56:00.467009,0,0,1,0,0,1,0,0,0
2024-03-29 13:56:00.478689,0,0,1,0,0,1,0,0,0
2024-03-29 13:56:00.488133,1,0,1,0,0,1,0,0,0
2024-03-29 13:56:00.498784,1,0,1,0,0,1,0,0,0
2024-03-29 13:56:00.509008,1,0,1,0,0,1,0,0,0
2024-03-29 13:56:00.520051,0,0,1,0,0,1,0,0,0
2024-03-29 13:56:00.530819,0,0,1,0,0,1,0,0,0
2024-03-29 13:56:00.540907,1,0,1,0,0,1,0,0,0
2024-03-29 13:56:00.550906,1,0,1,0,0,1,0,0,0
2024-03-29 13:56:00.561399,0,0,1,0,0,1,0,0,0
2024-03-29 13:56:00.571503,0,0,1,0,0,1,0,0,0
2024-03-29 13:56:00.582414,0,0,1,0,0,1,0,0,0
2024-03-29 13:56:00.593158,1,0,1,0,0,1,0,0,0
2024-03-29 13:56:00.603726,1,0,1,0,0,1,0,0,0
2024-03-29 13:56:00.613489,0,0,1,0,0,1,0,0,0
2024-03-29 13:56:00.624154,0,0,1,0,0,1,0,0,0
2024-03-29 13:56:00.634202,0,0,1,0,0,1,0,0,0
2024-03-29 13:56:00.645056,1,0,1,0,0,1,0,0,0
2024-03-29 13:56:00.655569,0,0,1,0,0,1,0,0,0
2024-03-29 13:56:00.666535,0,0,1,0,0,1,0,0,0
2024-03-29 13:56:00.676537,0,0,1,0,0,1,0,0,0
2024-03-29 13:56:00.687026,0,0,1,0,0,1,0,0,0
2024-03-29 13:56:00.697027,1,0,1,0,0,1,0,0,0
2024-03-29 13:56:00.707219,1,0,1,0,0,1,0,0,0
2024-03-29 13:56:00.717943,0,0,1,0,0,1,0,0,0
2024-03-29 13:56:00.728546,0,0,1,0,0,1,0,0,0
2024-03-29 13:56:00.738090,0,0,1,0,0,1,0,0,0
2024-03-29 13:56:00.749609,1,0,1,0,0,1,0,0,0
2024-03-29 13:56:00.760239,1,0,1,0,0,1,0,0,0
2024-03-29 13:56:00.769784,1,0,1,0,0,1,0,0,0
2024-03-29 13:56:00.780354,0,0,1,0,0,1,0,0,0
2024-03-29 13:56:00.791256,0,0,1,0,0,1,0,0,0
2024-03-29 13:56:00.801180,1,0,1,0,0,1,0,0,0
2024-03-29 13:56:00.811303,1,0,1,0,0,1,0,0,0
2024-03-29 13:56:00.821271,0,0,1,0,0,1,0,0,0
2024-03-29 13:56:00.832239,0,0,1,0,0,1,0,0,0
2024-03-29 13:56:00.842282,0,0,1,0,0,1,0,0,0
2024-03-29 13:56:00.852301,1,0,1,0,0,1,0,0,0
2024-03-29 13:56:00.864495,1,0,1,0,0,1,0,0,0
2024-03-29 13:56:00.874470,0,0,1,0,0,1,0,0,0
2024-03-29 13:56:00.884020,0,0,1,0,0,1,0,0,0
2024-03-29 13:56:00.895214,0,0,1,0,0,1,0,0,0
2024-03-29 13:56:00.904856,1,0,1,0,0,1,0,0,0
2024-03-29 13:56:00.916367,0,0,1,0,0,1,0,0,0
2024-03-29 13:56:00.926558,0,0,1,0,0,1,0,0,0
2024-03-29 13:56:00.936070,0,0,1,0,0,1,0,0,0
2024-03-29 13:56:00.947338,0,0,1,0,0,1,0,0,0
2024-03-29 13:56:00.957551,1,0,1,0,0,1,0,0,0
2024-03-29 13:56:00.967531,1,0,1,0,0,1,0,0,0
2024-03-29 13:56:00.978538,0,0,1,0,0,1,0,0,0
2024-03-29 13:56:00.988120,0,0,1,0,0,1,0,0,0
2024-03-29 13:56:00.999808,0,0,1,0,0,1,0,0,0
2024-03-29 13:56:01.009946,1,0,1,0,0,1,0,0,0
2024-03-29 13:56:01.020118,1,0,1,0,0,1,0,0,0
2024-03-29 13:56:01.029868,1,0,1,0,0,1,0,0,0
2024-03-29 13:56:01.041032,0,0,1,0,0,1,0,0,0
2024-03-29 13:56:01.050693,0,0,1,0,0,1,0,0,0
2024-03-29 13:56:01.061673,1,0,1,0,0,1,0,0,0
2024-03-29 13:56:01.071371,1,0,1,0,0,1,0,0,0
2024-03-29 13:56:01.083478,0,0,1,0,0,1,0,0,0
2024-03-29 13:56:01.092643,0,0,1,0,0,1,0,0,0
2024-03-29 13:56:01.103310,0,0,1,0,0,1,0,0,0
2024-03-29 13:56:01.113449,1,0,1,0,0,1,0,0,0
2024-03-29 13:56:01.124702,1,0,1,0,0,1,0,0,0
2024-03-29 13:56:01.133996,0,0,1,0,0,1,0,0,0
2024-03-29 13:56:01.145297,0,0,1,0,0,1,0,0,0
2024-03-29 13:56:01.154944,0,0,1,0,0,1,0,0,0
2024-03-29 13:56:01.166296,1,0,1,0,0,1,0,0,0
2024-03-29 13:56:01.176437,0,0,1,0,0,1,0,0,0
2024-03-29 13:56:01.186443,0,0,1,0,0,1,0,0,0
2024-03-29 13:56:01.197406,0,0,1,0,0,1,0,0,0
2024-03-29 13:56:01.207186,0,0,1,0,0,1,0,0,0
2024-03-29 13:56:01.217965,1,0,1,0,0,1,0,0,0
2024-03-29 13:56:01.228957,1,0,1,0,0,1,0,0,0
2024-03-29 13:56:01.238932,0,0,1,0,0,1,0,0,0
2024-03-29 13:56:01.249427,0,0,1,0,0,1,0,0,0
2024-03-29 13:56:01.259801,0,0,1,0,0,1,0,0,0
2024-03-29 13:56:01.269320,1,0,1,0,0,1,0,0,0
2024-03-29 13:56:01.280819,1,0,1,0,0,1,0,0,0
2024-03-29 13:56:01.290916,1,0,1,0,0,1,0,0,0
2024-03-29 13:56:01.300913,0,0,1,0,0,1,0,0,0
2024-03-29 13:56:01.311488,0,0,1,0,0,1,0,0,0
2024-03-29 13:56:01.322190,1,0,1,0,0,1,0,0,0
2024-03-29 13:56:01.332711,1,0,1,0,0,1,0,0,0
2024-03-29 13:56:01.343124,0,0,1,0,0,1,0,0,0
2024-03-29 13:56:01.353097,0,0,1,0,0,1,0,0,0
2024-03-29 13:56:01.363903,0,0,1,0,0,1,0,0,0
2024-03-29 13:56:01.374711,1,0,1,0,0,1,0,0,0
2024-03-29 13:56:01.383921,1,0,1,0,0,1,0,0,0
2024-03-29 13:56:01.393949,0,0,1,0,0,1,0,0,0
2024-03-29 13:56:01.404912,0,0,1,0,0,1,0,0,0
2024-03-29 13:56:01.414879,0,0,1,0,0,1,0,0,0
2024-03-29 13:56:01.425841,1,0,1,0,0,1,0,0,0
2024-03-29 13:56:01.435810,0,0,1,0,0,1,0,0,0
2024-03-29 13:56:01.446289,0,0,1,0,0,1,0,0,0
2024-03-29 13:56:01.457536,0,0,1,0,0,1,0,0,0
2024-03-29 13:56:01.467829,0,0,1,0,0,1,0,0,0
2024-03-29 13:56:01.478813,1,0,1,0,0,1,0,0,0
2024-03-29 13:56:01.488748,1,0,1,0,0,1,0,0,0
2024-03-29 13:56:01.499003,0,0,1,0,0,1,0,0,0
2024-03-29 13:56:01.509552,0,0,1,0,0,1,0,0,0
2024-03-29 13:56:01.520377,0,0,1,0,0,1,0,0,0
2024-03-29 13:56:01.530008,1,0,1,0,0,1,0,0,0
2024-03-29 13:56:01.540829,1,0,1,0,0,1,0,0,0
2024-03-29 13:56:01.550854,1,0,1,0,0,1,0,0,0
2024-03-29 13:56:01.561472,0,0,1,0,0,1,0,0,0
2024-03-29 13:56:01.571667,0,0,1,0,0,1,0,0,0
2024-03-29 13:56:01.582840,1,0,1,0,0,1,0,0,0
2024-03-29 13:56:01.592658,1,0,1,0,0,1,0,0,0
2024-03-29 13:56:01.603643,0,0,1,0,0,1,0,0,0
2024-03-29 13:56:01.613398,0,0,1,0,0,1,0,0,0
2024-03-29 13:56:01.624335,0,0,1,0,0,1,0,0,0
2024-03-29 13:56:01.633836,1,0,1,0,0,1,0,0,0
2024-03-29 13:56:01.644585,1,0,1,0,0,1,0,0,0
2024-03-29 13:56:01.656096,0,0,1,0,0,1,0,0,0
2024-03-29 13:56:01.667348,0,0,1,0,0,1,0,0,0
2024-03-29 13:56:01.676446,0,0,1,0,0,1,0,0,0
2024-03-29 13:56:01.687048,1,0,1,0,0,1,0,0,0
2024-03-29 13:56:01.697234,0,0,1,0,0,1,0,0,0
2024-03-29 13:56:01.707125,0,0,1,0,0,1,0,0,0
2024-03-29 13:56:01.717228,0,0,1,0,0,1,0,0,0
2024-03-29 13:56:01.727945,0,0,1,0,0,1,0,0,0
2024-03-29 13:56:01.738271,1,0,1,0,0,1,0,0,0
2024-03-29 13:56:01.749258,1,0,1,0,0,1,0,0,0
2024-03-29 13:56:01.759231,0,0,1,0,0,1,0,0,0
2024-03-29 13:56:01.770144,0,0,1,0,0,1,0,0,0
2024-03-29 13:56:01.779915,0,0,1,0,0,1,0,0,0
2024-03-29 13:56:01.791432,1,0,1,0,0,1,0,0,0
2024-03-29 13:56:01.800529,1,0,1,0,0,1,0,0,0
2024-03-29 13:56:01.811775,1,0,1,0,0,1,0,0,0
2024-03-29 13:56:01.821816,0,0,1,0,0,1,0,0,0
2024-03-29 13:56:01.831972,0,0,1,0,0,1,0,0,0
2024-03-29 13:56:01.841981,1,0,1,0,0,1,0,0,0
2024-03-29 13:56:01.852945,1,0,1,0,0,1,0,0,0
2024-03-29 13:56:01.863993,0,0,1,0,0,1,0,0,0
2024-03-29 13:56:01.874417,0,0,1,0,0,1,0,0,0
2024-03-29 13:56:01.884537,0,0,1,0,0,1,0,0,0
2024-03-29 13:56:01.895168,1,0,1,0,0,1,0,0,0
2024-03-29 13:56:01.905767,1,0,1,0,0,1,0,0,0
2024-03-29 13:56:01.915837,0,0,1,0,0,1,0,0,0
2024-03-29 13:56:01.925864,0,0,1,0,0,1,0,0,0
2024-03-29 13:56:01.936897,0,0,1,0,0,1,0,0,0
2024-03-29 13:56:01.946994,1,0,1,0,0,1,0,0,0
2024-03-29 13:56:01.957686,1,0,1,0,0,1,0,0,0
2024-03-29 13:56:01.967569,0,0,1,0,0,1,0,0,0
2024-03-29 13:56:01.977960,0,0,1,0,0,1,0,0,0
2024-03-29 13:56:01.988835,0,0,1,0,0,1,0,0,0
2024-03-29 13:56:01.999020,0,0,1,0,0,1,0,0,0
2024-03-29 13:56:02.009504,1,0,1,0,0,1,0,0,0
2024-03-29 13:56:02.020137,0,0,1,0,0,1,0,0,0
2024-03-29 13:56:02.030577,0,0,1,0,0,1,0,0,0
2024-03-29 13:56:02.040561,0,0,1,0,0,1,0,0,0
2024-03-29 13:56:02.050550,0,0,1,0,0,1,0,0,0
2024-03-29 13:56:02.061262,1,0,1,0,0,1,0,0,0
2024-03-29 13:56:02.072039,0,0,1,0,0,1,0,0,0
2024-03-29 13:56:02.082762,0,0,1,0,0,1,0,0,0
2024-03-29 13:56:02.092763,0,0,1,0,0,1,0,0,0
2024-03-29 13:56:02.102649,0,0,1,0,0,1,0,0,0
2024-03-29 13:56:02.113246,1,0,1,0,0,1,0,0,0
2024-03-29 13:56:02.123868,0,0,1,0,0,1,0,0,0
2024-03-29 13:56:02.134030,0,0,1,0,0,1,0,0,0
2024-03-29 13:56:02.144411,1,0,1,0,0,1,0,0,0
2024-03-29 13:56:02.155633,0,0,1,0,0,1,0,0,0
2024-03-29 13:56:02.166015,1,0,1,0,0,1,0,0,0
2024-03-29 13:56:02.176223,0,0,1,0,0,1,0,0,0
2024-03-29 13:56:02.186889,0,0,1,0,0,1,0,0,0
2024-03-29 13:56:02.197224,0,0,1,0,0,1,0,0,0
2024-03-29 13:56:02.207676,0,0,1,0,0,1,0,0,0
2024-03-29 13:56:02.217862,1,0,1,0,0,1,0,0,0
2024-03-29 13:56:02.228531,0,0,1,0,0,1,0,0,0
2024-03-29 13:56:02.239097,0,0,1,0,0,1,0,0,0
2024-03-29 13:56:02.248218,0,0,1,0,0,1,0,0,0
2024-03-29 13:56:02.259951,0,0,1,0,0,1,0,0,0
2024-03-29 13:56:02.270356,1,0,1,0,0,1,0,0,0
2024-03-29 13:56:02.280463,0,0,1,0,0,1,0,0,0
2024-03-29 13:56:02.290672,0,0,1,0,0,1,0,0,0
2024-03-29 13:56:02.301124,0,0,1,0,0,1,0,0,0
2024-03-29 13:56:02.312010,0,0,1,0,0,1,0,0,0
2024-03-29 13:56:02.322582,1,0,1,0,0,1,0,0,0
2024-03-29 13:56:02.332794,0,0,1,0,0,1,0,0,0
2024-03-29 13:56:02.343508,0,0,1,0,0,1,0,0,0
2024-03-29 13:56:02.353843,0,0,1,0,0,1,0,0,0
2024-03-29 13:56:02.363914,0,0,1,0,0,1,0,0,0
2024-03-29 13:56:02.374349,1,0,1,0,0,1,0,0,0
2024-03-29 13:56:02.384362,0,0,1,0,0,1,0,0,0
2024-03-29 13:56:02.395081,0,0,1,0,0,1,0,0,0
2024-03-29 13:56:02.405627,1,0,1,0,0,1,0,0,0
2024-03-29 13:56:02.415740,0,0,1,0,0,1,0,0,0
2024-03-29 13:56:02.426395,1,0,1,0,0,1,0,0,0
2024-03-29 13:56:02.436777,0,0,1,0,0,1,0,0,0
2024-03-29 13:56:02.446843,0,0,1,0,0,1,0,0,0
2024-03-29 13:56:02.457869,0,0,1,0,0,1,0,0,0
2024-03-29 13:56:02.466908,0,0,1,0,0,1,0,0,0
2024-03-29 13:56:02.477964,1,0,1,0,0,1,0,0,0
2024-03-29 13:56:02.488004,0,0,1,0,0,1,0,0,0
2024-03-29 13:56:02.498351,0,0,1,0,0,1,0,0,0
2024-03-29 13:56:02.508966,0,0,1,0,0,1,0,0,0
2024-03-29 13:56:02.520547,0,0,1,0,0,1,0,0,0
2024-03-29 13:56:02.530561,1,0,1,0,0,1,0,0,0
2024-03-29 13:56:02.540705,0,0,1,0,0,1,0,0,0
2024-03-29 13:56:02.550420,0,0,1,0,0,1,0,0,0
2024-03-29 13:56:02.561903,0,0,1,0,0,1,0,0,0
2024-03-29 13:56:02.572563,0,0,1,0,0,1,0,0,0
2024-03-29 13:56:02.582665,1,0,1,0,0,1,0,0,0
2024-03-29 13:56:02.593452,0,0,1,0,0,1,0,0,0
2024-03-29 13:56:02.603274,0,0,1,0,0,1,0,0,0
2024-03-29 13:56:02.613466,0,0,1,0,0,1,0,0,0
2024-03-29 13:56:02.623791,0,0,1,0,0,1,0,0,0
2024-03-29 13:56:02.634086,1,0,1,0,0,1,0,0,0
2024-03-29 13:56:02.644935,0,0,1,0,0,1,0,0,0
2024-03-29 13:56:02.655220,0,0,1,0,0,1,0,0,0
2024-03-29 13:56:02.665023,1,0,1,0,0,1,0,0,0
2024-03-29 13:56:02.676869,0,0,1,0,0,1,0,0,0
2024-03-29 13:56:02.686934,1,0,1,0,0,1,0,0,0
2024-03-29 13:56:02.697072,0,0,1,0,0,1,0,0,0
2024-03-29 13:56:02.707893,0,0,1,0,0,1,0,0,0
2024-03-29 13:56:02.717722,0,0,1,0,0,1,0,0,0
2024-03-29 13:56:02.728220,0,0,1,0,0,1,0,0,0
2024-03-29 13:56:02.738478,1,0,1,0,0,1,0,0,0
2024-03-29 13:56:02.748335,0,0,1,0,0,1,0,0,0
2024-03-29 13:56:02.759189,0,0,1,0,0,1,0,0,0
2024-03-29 13:56:02.769636,0,0,1,0,0,1,0,0,0
2024-03-29 13:56:02.780755,0,0,1,0,0,1,0,0,0
2024-03-29 13:56:02.790977,1,0,1,0,0,1,0,0,0
2024-03-29 13:56:02.800976,0,0,1,0,0,1,0,0,0
2024-03-29 13:56:02.811854,0,0,1,0,0,1,0,0,0
2024-03-29 13:56:02.822199,0,0,1,0,0,1,0,0,0
2024-03-29 13:56:02.832239,0,0,1,0,0,1,0,0,0
2024-03-29 13:56:02.842387,1,0,1,0,0,1,0,0,0
2024-03-29 13:56:02.853762,0,0,1,0,0,1,0,0,0
2024-03-29 13:56:02.863736,0,0,1,0,0,1,0,0,0
2024-03-29 13:56:02.873305,0,0,1,0,0,1,0,0,0
2024-03-29 13:56:02.884374,0,0,1,0,0,1,0,0,0
2024-03-29 13:56:02.895113,1,0,1,0,0,1,0,0,0
2024-03-29 13:56:02.904941,0,0,1,0,0,1,0,0,0
2024-03-29 13:56:02.915185,0,0,1,0,0,1,0,0,0
2024-03-29 13:56:02.926285,1,0,1,0,0,1,0,0,0
2024-03-29 13:56:02.936836,0,0,1,0,0,1,0,0,0
2024-03-29 13:56:02.947182,1,0,1,0,0,1,0,0,0
2024-03-29 13:56:02.957560,0,0,1,0,0,1,0,0,0
2024-03-29 13:56:02.967139,0,0,1,0,0,1,0,0,0
2024-03-29 13:56:02.978869,0,0,1,0,0,1,0,0,0
2024-03-29 13:56:02.989265,0,0,1,0,0,1,0,0,0
2024-03-29 13:56:02.998320,1,0,1,0,0,1,0,0,0
2024-03-29 13:56:03.009752,0,0,1,0,0,1,0,0,0
2024-03-29 13:56:03.020450,0,0,1,0,0,1,0,0,0
2024-03-29 13:56:03.030512,0,0,1,0,0,1,0,0,0
2024-03-29 13:56:03.040789,0,0,1,0,0,1,0,0,0
2024-03-29 13:56:03.051190,1,0,1,0,0,1,0,0,0
2024-03-29 13:56:03.061446,0,0,1,0,0,1,0,0,0
2024-03-29 13:56:03.072275,0,0,1,0,0,1,0,0,0
2024-03-29 13:56:03.082119,0,0,1,0,0,1,0,0,0
2024-03-29 13:56:03.092398,0,0,1,0,0,1,0,0,0
2024-03-29 13:56:03.102599,1,0,1,0,0,1,0,0,0
2024-03-29 13:56:03.113079,0,0,1,0,0,1,0,0,0
